,strength,dexterity,constituion,intellegence,wisdom,charisma,str mod,dex mod,con mod,int mod,wis mod,char mod
0,15,15,11,7,13,9,2,2,0,-2,1,-1
1,15,15,10,9,6,15,2,2,0,-1,-2,2
2,10,11,9,14,15,15,0,0,-1,2,2,2
3,5,18,15,9,12,12,-3,4,2,-1,1,1
4,12,15,5,16,14,10,1,2,-3,3,2,0
5,14,15,11,11,9,15,2,2,0,0,-1,2
6,9,13,15,16,17,13,-1,1,2,3,3,1
7,13,16,12,17,18,14,1,3,1,3,4,2
8,11,8,9,10,15,18,0,-1,-1,0,2,4
9,18,9,10,16,10,14,4,-1,0,3,0,2
10,5,15,15,16,10,11,-3,2,2,3,0,0
11,12,16,8,17,12,13,1,3,-1,3,1,1
12,11,13,11,9,15,15,0,1,0,-1,2,2
13,11,10,17,12,9,17,0,0,3,1,-1,3
14,13,14,18,16,9,8,1,2,4,3,-1,-1
15,15,16,10,9,7,5,2,3,0,-1,-2,-3
16,8,12,16,10,18,17,-1,1,3,0,4,3
17,11,16,15,14,15,10,0,3,2,2,2,0
18,18,16,16,12,14,15,4,3,3,1,2,2
19,11,16,13,11,17,12,0,3,1,0,3,1
20,15,12,7,9,12,17,2,1,-2,-1,1,3
21,10,15,7,9,16,11,0,2,-2,-1,3,0
22,10,8,13,18,11,16,0,-1,1,4,0,3
23,12,11,15,18,12,14,1,0,2,4,1,2
24,15,14,9,15,11,14,2,2,-1,2,0,2
25,15,12,5,10,17,10,2,1,-3,0,3,0
26,12,13,8,15,16,17,1,1,-1,2,3,3
27,16,14,10,5,15,18,3,2,0,-3,2,4
28,17,13,15,11,11,13,3,1,2,0,0,1
29,8,14,18,13,14,15,-1,2,4,1,2,2
30,17,13,10,6,10,15,3,1,0,-2,0,2
31,15,12,10,16,16,18,2,1,0,3,3,4
32,9,18,11,18,8,8,-1,4,0,4,-1,-1
33,15,10,17,9,15,16,2,0,3,-1,2,3
34,14,15,13,16,12,14,2,2,1,3,1,2
35,15,13,12,11,11,16,2,1,1,0,0,3
36,13,11,6,15,9,16,1,0,-2,2,-1,3
37,15,14,11,14,17,8,2,2,0,2,3,-1
38,16,9,15,11,16,12,3,-1,2,0,3,1
39,15,12,12,16,15,13,2,1,1,3,2,1
40,13,8,17,9,11,16,1,-1,3,-1,0,3
41,17,7,16,10,8,15,3,-2,3,0,-1,2
42,15,16,14,14,12,10,2,3,2,2,1,0
43,16,13,11,12,12,15,3,1,0,1,1,2
44,17,15,11,10,8,14,3,2,0,0,-1,2
45,15,15,12,11,6,8,2,2,1,0,-2,-1
46,14,11,17,9,15,14,2,0,3,-1,2,2
47,4,15,11,6,16,6,-3,2,0,-2,3,-2
48,16,11,12,15,13,13,3,0,1,2,1,1
49,11,13,14,14,15,15,0,1,2,2,2,2
50,9,16,15,10,15,13,-1,3,2,0,2,1
51,8,13,15,4,16,15,-1,1,2,-3,3,2
52,11,14,16,15,5,18,0,2,3,2,-3,4
53,16,14,10,11,16,14,3,2,0,0,3,2
54,13,15,17,9,12,12,1,2,3,-1,1,1
55,16,10,16,13,8,14,3,0,3,1,-1,2
56,12,15,9,16,16,17,1,2,-1,3,3,3
57,10,5,14,15,11,18,0,-3,2,2,0,4
58,15,16,14,14,14,16,2,3,2,2,2,3
59,13,13,15,15,14,3,1,1,2,2,2,-4
60,12,16,17,8,14,10,1,3,3,-1,2,0
61,14,13,16,15,13,11,2,1,3,2,1,0
62,10,15,12,13,11,16,0,2,1,1,0,3
63,13,9,15,10,16,13,1,-1,2,0,3,1
64,17,8,13,14,18,16,3,-1,1,2,4,3
65,14,6,12,16,15,15,2,-2,1,3,2,2
66,15,16,8,7,13,15,2,3,-1,-2,1,2
67,13,15,8,13,11,16,1,2,-1,1,0,3
68,13,13,14,15,12,15,1,1,2,2,1,2
69,13,18,13,10,9,17,1,4,1,0,-1,3
70,10,13,14,11,15,15,0,1,2,0,2,2
71,16,16,9,13,11,9,3,3,-1,1,0,-1
72,11,16,13,18,14,7,0,3,1,4,2,-2
73,16,12,15,10,8,13,3,1,2,0,-1,1
74,10,17,15,14,18,13,0,3,2,2,4,1
75,14,16,15,13,11,12,2,3,2,1,0,1
76,9,15,8,16,12,17,-1,2,-1,3,1,3
77,11,9,14,16,11,15,0,-1,2,3,0,2
78,10,18,11,13,13,17,0,4,0,1,1,3
79,16,17,10,11,8,13,3,3,0,0,-1,1
80,17,17,11,12,15,13,3,3,0,1,2,1
81,13,15,17,11,17,14,1,2,3,0,3,2
82,6,18,15,10,10,18,-2,4,2,0,0,4
83,15,10,14,12,13,15,2,0,2,1,1,2
84,15,9,16,10,14,15,2,-1,3,0,2,2
85,14,13,17,15,13,12,2,1,3,2,1,1
86,15,16,13,12,12,11,2,3,1,1,1,0
87,13,10,15,15,10,10,1,0,2,2,0,0
88,14,18,17,16,12,15,2,4,3,3,1,2
89,11,9,15,6,16,14,0,-1,2,-2,3,2
90,15,11,12,13,12,15,2,0,1,1,1,2
91,8,9,11,14,17,16,-1,-1,0,2,3,3
92,13,15,10,14,12,15,1,2,0,2,1,2
93,13,17,15,13,12,15,1,3,2,1,1,2
94,10,15,16,12,10,12,0,2,3,1,0,1
95,15,12,13,14,16,10,2,1,1,2,3,0
96,10,13,10,11,16,16,0,1,0,0,3,3
97,10,11,11,11,17,16,0,0,0,0,3,3
98,12,15,11,12,13,16,1,2,0,1,1,3
99,9,12,12,15,15,12,-1,1,1,2,2,1
100,11,15,16,14,14,15,0,2,3,2,2,2
101,17,15,16,15,11,14,3,2,3,2,0,2
102,11,13,18,17,9,9,0,1,4,3,-1,-1
103,16,12,13,9,12,17,3,1,1,-1,1,3
104,11,14,16,14,13,17,0,2,3,2,1,3
105,14,11,16,15,7,8,2,0,3,2,-2,-1
106,15,14,8,10,12,16,2,2,-1,0,1,3
107,12,16,16,11,9,14,1,3,3,0,-1,2
108,8,17,14,15,12,15,-1,3,2,2,1,2
109,15,8,11,16,12,9,2,-1,0,3,1,-1
110,18,16,10,12,14,6,4,3,0,1,2,-2
111,15,16,14,11,13,12,2,3,2,0,1,1
112,14,9,11,14,15,17,2,-1,0,2,2,3
113,7,15,13,14,15,8,-2,2,1,2,2,-1
114,14,15,13,11,12,17,2,2,1,0,1,3
115,14,10,18,17,9,15,2,0,4,3,-1,2
116,9,12,12,12,16,15,-1,1,1,1,3,2
117,18,6,9,12,17,11,4,-2,-1,1,3,0
118,13,15,14,12,9,18,1,2,2,1,-1,4
119,16,9,13,11,18,15,3,-1,1,0,4,2
120,15,14,16,11,14,13,2,2,3,0,2,1
121,13,17,8,11,17,18,1,3,-1,0,3,4
122,15,14,9,9,16,14,2,2,-1,-1,3,2
123,12,8,16,14,15,12,1,-1,3,2,2,1
124,9,11,11,18,18,16,-1,0,0,4,4,3
125,13,13,16,14,16,12,1,1,3,2,3,1
126,11,12,13,17,14,15,0,1,1,3,2,2
127,15,17,14,13,15,12,2,3,2,1,2,1
128,13,17,10,16,16,9,1,3,0,3,3,-1
129,15,13,13,16,5,16,2,1,1,3,-3,3
130,12,16,6,13,15,13,1,3,-2,1,2,1
131,14,16,12,13,15,11,2,3,1,1,2,0
132,10,15,15,10,18,11,0,2,2,0,4,0
133,13,16,16,15,17,14,1,3,3,2,3,2
134,14,10,15,14,12,15,2,0,2,2,1,2
135,15,8,17,5,13,12,2,-1,3,-3,1,1
136,17,15,13,15,15,17,3,2,1,2,2,3
137,14,16,13,16,15,11,2,3,1,3,2,0
138,9,15,9,12,12,15,-1,2,-1,1,1,2
139,16,11,12,13,14,16,3,0,1,1,2,3
140,15,12,10,17,16,13,2,1,0,3,3,1
141,8,13,14,15,13,16,-1,1,2,2,1,3
142,9,5,16,16,10,15,-1,-3,3,3,0,2
143,13,13,15,15,15,15,1,1,2,2,2,2
144,17,6,15,18,12,11,3,-2,2,4,1,0
145,10,15,16,10,9,15,0,2,3,0,-1,2
146,8,5,15,16,15,12,-1,-3,2,3,2,1
147,12,17,15,14,15,12,1,3,2,2,2,1
148,9,11,15,15,17,9,-1,0,2,2,3,-1
149,15,17,14,9,13,10,2,3,2,-1,1,0
150,15,17,8,9,12,15,2,3,-1,-1,1,2
151,12,8,9,17,15,8,1,-1,-1,3,2,-1
152,17,11,15,13,11,17,3,0,2,1,0,3
153,14,11,16,11,15,7,2,0,3,0,2,-2
154,13,17,15,15,13,15,1,3,2,2,1,2
155,15,15,5,11,10,7,2,2,-3,0,0,-2
156,11,13,15,9,13,15,0,1,2,-1,1,2
157,13,6,15,11,9,16,1,-2,2,0,-1,3
158,15,11,15,8,14,18,2,0,2,-1,2,4
159,8,11,9,17,13,15,-1,0,-1,3,1,2
160,10,5,12,16,15,15,0,-3,1,3,2,2
161,16,12,5,14,17,15,3,1,-3,2,3,2
162,7,13,14,12,16,18,-2,1,2,1,3,4
163,17,11,18,16,16,7,3,0,4,3,3,-2
164,14,16,14,16,16,17,2,3,2,3,3,3
165,13,13,12,17,14,16,1,1,1,3,2,3
166,15,10,15,17,10,11,2,0,2,3,0,0
167,11,10,16,14,15,9,0,0,3,2,2,-1
168,12,15,14,15,14,6,1,2,2,2,2,-2
169,11,13,16,13,16,13,0,1,3,1,3,1
170,14,15,14,17,9,11,2,2,2,3,-1,0
171,10,16,15,16,11,10,0,3,2,3,0,0
172,13,13,16,15,11,7,1,1,3,2,0,-2
173,18,8,4,16,13,12,4,-1,-3,3,1,1
174,15,15,18,14,15,15,2,2,4,2,2,2
175,16,15,14,12,10,15,3,2,2,1,0,2
176,10,12,16,16,13,7,0,1,3,3,1,-2
177,15,9,5,16,9,8,2,-1,-3,3,-1,-1
178,17,11,13,11,12,15,3,0,1,0,1,2
179,11,15,18,11,12,8,0,2,4,0,1,-1
180,15,5,17,15,14,12,2,-3,3,2,2,1
181,7,12,15,12,15,12,-2,1,2,1,2,1
182,15,15,8,11,11,13,2,2,-1,0,0,1
183,14,16,12,15,11,9,2,3,1,2,0,-1
184,13,13,15,16,13,12,1,1,2,3,1,1
185,10,17,11,15,10,13,0,3,0,2,0,1
186,15,10,10,15,16,5,2,0,0,2,3,-3
187,15,12,16,10,11,13,2,1,3,0,0,1
188,10,13,14,15,16,17,0,1,2,2,3,3
189,17,11,11,13,18,14,3,0,0,1,4,2
190,11,15,12,7,16,15,0,2,1,-2,3,2
191,17,4,12,10,10,17,3,-3,1,0,0,3
192,14,15,11,11,15,14,2,2,0,0,2,2
193,17,11,12,10,11,16,3,0,1,0,0,3
194,15,13,16,11,12,15,2,1,3,0,1,2
195,17,17,13,13,9,7,3,3,1,1,-1,-2
196,17,15,15,14,14,10,3,2,2,2,2,0
197,13,13,12,13,16,17,1,1,1,1,3,3
198,10,14,15,12,18,17,0,2,2,1,4,3
199,15,9,9,12,15,11,2,-1,-1,1,2,0
200,13,16,16,14,13,10,1,3,3,2,1,0
201,15,15,15,13,13,13,2,2,2,1,1,1
202,12,17,12,13,11,15,1,3,1,1,0,2
203,15,17,8,10,11,7,2,3,-1,0,0,-2
204,17,15,9,16,10,11,3,2,-1,3,0,0
205,13,15,14,13,14,15,1,2,2,1,2,2
206,11,14,15,8,18,12,0,2,2,-1,4,1
207,16,10,15,13,9,9,3,0,2,1,-1,-1
208,15,15,14,14,14,15,2,2,2,2,2,2
209,17,8,17,12,16,9,3,-1,3,1,3,-1
210,12,12,13,11,15,16,1,1,1,0,2,3
211,9,13,13,8,15,16,-1,1,1,-1,2,3
212,8,10,11,16,16,12,-1,0,0,3,3,1
213,5,17,15,9,16,15,-3,3,2,-1,3,2
214,16,12,13,10,18,16,3,1,1,0,4,3
215,16,11,17,13,16,9,3,0,3,1,3,-1
216,10,18,8,17,9,9,0,4,-1,3,-1,-1
217,9,16,11,12,17,16,-1,3,0,1,3,3
218,11,8,16,16,12,15,0,-1,3,3,1,2
219,6,11,13,15,15,10,-2,0,1,2,2,0
220,12,15,12,15,11,13,1,2,1,2,0,1
221,14,15,12,6,15,11,2,2,1,-2,2,0
222,12,12,17,16,8,11,1,1,3,3,-1,0
223,13,12,13,17,10,15,1,1,1,3,0,2
224,15,15,12,17,17,10,2,2,1,3,3,0
225,16,14,14,12,6,15,3,2,2,1,-2,2
226,16,9,10,11,11,15,3,-1,0,0,0,2
227,11,16,16,13,15,11,0,3,3,1,2,0
228,15,4,16,13,17,16,2,-3,3,1,3,3
229,15,10,8,7,16,11,2,0,-1,-2,3,0
230,8,13,16,10,11,15,-1,1,3,0,0,2
231,13,16,13,4,8,18,1,3,1,-3,-1,4
232,15,18,12,15,7,9,2,4,1,2,-2,-1
233,9,12,14,14,16,16,-1,1,2,2,3,3
234,15,14,13,9,14,18,2,2,1,-1,2,4
235,11,15,7,13,11,18,0,2,-2,1,0,4
236,15,15,7,12,10,17,2,2,-2,1,0,3
237,13,14,11,15,15,15,1,2,0,2,2,2
238,16,15,10,10,11,9,3,2,0,0,0,-1
239,12,9,10,15,16,17,1,-1,0,2,3,3
240,13,15,15,12,11,11,1,2,2,1,0,0
241,16,9,10,11,15,16,3,-1,0,0,2,3
242,16,6,12,14,8,16,3,-2,1,2,-1,3
243,14,14,16,12,15,11,2,2,3,1,2,0
244,11,17,12,9,14,16,0,3,1,-1,2,3
245,16,9,16,14,12,13,3,-1,3,2,1,1
246,15,9,7,10,15,11,2,-1,-2,0,2,0
247,9,16,13,9,15,15,-1,3,1,-1,2,2
248,13,6,13,17,12,18,1,-2,1,3,1,4
249,16,15,13,15,8,12,3,2,1,2,-1,1
250,11,16,17,6,10,9,0,3,3,-2,0,-1
251,16,12,13,11,15,15,3,1,1,0,2,2
252,17,7,17,15,10,14,3,-2,3,2,0,2
253,10,17,12,15,15,11,0,3,1,2,2,0
254,12,15,12,16,8,12,1,2,1,3,-1,1
255,16,14,9,6,17,15,3,2,-1,-2,3,2
256,18,13,8,13,15,16,4,1,-1,1,2,3
257,11,17,13,15,16,8,0,3,1,2,3,-1
258,17,14,11,13,15,14,3,2,0,1,2,2
259,14,17,15,11,16,15,2,3,2,0,3,2
260,13,14,12,18,16,11,1,2,1,4,3,0
261,15,11,10,15,14,11,2,0,0,2,2,0
262,10,13,16,12,16,8,0,1,3,1,3,-1
263,14,12,8,17,16,17,2,1,-1,3,3,3
264,10,14,15,17,13,16,0,2,2,3,1,3
265,15,14,16,14,9,13,2,2,3,2,-1,1
266,16,7,13,11,8,15,3,-2,1,0,-1,2
267,8,15,16,17,14,14,-1,2,3,3,2,2
268,16,14,15,14,15,13,3,2,2,2,2,1
269,12,12,15,14,17,18,1,1,2,2,3,4
270,17,13,8,17,9,9,3,1,-1,3,-1,-1
271,17,10,10,9,13,16,3,0,0,-1,1,3
272,12,11,16,12,16,12,1,0,3,1,3,1
273,14,11,15,15,7,11,2,0,2,2,-2,0
274,11,18,13,8,15,7,0,4,1,-1,2,-2
275,17,11,9,8,15,14,3,0,-1,-1,2,2
276,13,13,13,14,18,17,1,1,1,2,4,3
277,16,7,16,15,9,12,3,-2,3,2,-1,1
278,10,15,16,11,9,11,0,2,3,0,-1,0
279,11,12,16,12,13,15,0,1,3,1,1,2
280,15,17,13,14,13,12,2,3,1,2,1,1
281,13,15,12,13,16,14,1,2,1,1,3,2
282,11,16,16,7,11,7,0,3,3,-2,0,-2
283,7,16,14,6,6,15,-2,3,2,-2,-2,2
284,8,16,12,18,5,8,-1,3,1,4,-3,-1
285,16,14,10,17,6,12,3,2,0,3,-2,1
286,16,16,12,16,8,5,3,3,1,3,-1,-3
287,7,17,11,13,17,7,-2,3,0,1,3,-2
288,13,14,16,13,11,16,1,2,3,1,0,3
289,13,16,10,15,12,16,1,3,0,2,1,3
290,14,15,15,15,12,12,2,2,2,2,1,1
291,9,14,17,13,10,17,-1,2,3,1,0,3
292,8,11,14,9,15,16,-1,0,2,-1,2,3
293,15,7,9,14,11,17,2,-2,-1,2,0,3
294,17,17,16,7,15,13,3,3,3,-2,2,1
295,15,6,14,16,16,12,2,-2,2,3,3,1
296,14,17,9,10,14,15,2,3,-1,0,2,2
297,15,16,11,11,14,12,2,3,0,0,2,1
298,9,9,15,11,15,13,-1,-1,2,0,2,1
299,15,14,14,17,13,8,2,2,2,3,1,-1
300,15,14,11,16,17,10,2,2,0,3,3,0
301,9,9,16,12,13,15,-1,-1,3,1,1,2
302,18,18,13,12,13,17,4,4,1,1,1,3
303,10,16,8,12,17,11,0,3,-1,1,3,0
304,16,12,15,8,14,15,3,1,2,-1,2,2
305,9,17,15,5,14,13,-1,3,2,-3,2,1
306,15,12,13,11,14,15,2,1,1,0,2,2
307,15,6,15,17,11,18,2,-2,2,3,0,4
308,17,15,4,14,13,14,3,2,-3,2,1,2
309,8,15,13,11,16,15,-1,2,1,0,3,2
310,13,14,9,15,13,15,1,2,-1,2,1,2
311,15,15,14,8,8,13,2,2,2,-1,-1,1
312,10,18,13,16,11,8,0,4,1,3,0,-1
313,8,12,13,15,16,14,-1,1,1,2,3,2
314,15,16,14,13,14,10,2,3,2,1,2,0
315,15,13,15,12,14,16,2,1,2,1,2,3
316,12,15,16,11,17,15,1,2,3,0,3,2
317,17,9,7,15,9,12,3,-1,-2,2,-1,1
318,9,13,17,13,15,17,-1,1,3,1,2,3
319,9,15,9,17,15,14,-1,2,-1,3,2,2
320,17,13,18,15,11,7,3,1,4,2,0,-2
321,15,16,12,15,13,11,2,3,1,2,1,0
322,16,16,6,13,10,15,3,3,-2,1,0,2
323,16,14,9,16,15,16,3,2,-1,3,2,3
324,8,15,12,12,7,15,-1,2,1,1,-2,2
325,12,10,13,16,15,12,1,0,1,3,2,1
326,13,17,11,12,18,12,1,3,0,1,4,1
327,11,16,13,5,11,16,0,3,1,-3,0,3
328,15,11,13,18,10,12,2,0,1,4,0,1
329,14,15,14,13,9,16,2,2,2,1,-1,3
330,9,13,15,12,11,15,-1,1,2,1,0,2
331,16,8,14,12,9,17,3,-1,2,1,-1,3
332,14,9,15,16,12,12,2,-1,2,3,1,1
333,15,13,16,13,11,7,2,1,3,1,0,-2
334,10,12,18,16,10,14,0,1,4,3,0,2
335,15,16,12,14,13,13,2,3,1,2,1,1
336,11,14,16,14,16,15,0,2,3,2,3,2
337,16,15,13,15,10,7,3,2,1,2,0,-2
338,15,10,15,15,7,10,2,0,2,2,-2,0
339,12,7,17,15,6,11,1,-2,3,2,-2,0
340,8,17,11,6,15,11,-1,3,0,-2,2,0
341,8,13,16,17,8,4,-1,1,3,3,-1,-3
342,16,18,11,17,13,16,3,4,0,3,1,3
343,16,16,12,11,13,11,3,3,1,0,1,0
344,15,13,13,11,12,17,2,1,1,0,1,3
345,15,10,12,17,9,10,2,0,1,3,-1,0
346,15,9,10,16,13,14,2,-1,0,3,1,2
347,16,5,9,12,13,15,3,-3,-1,1,1,2
348,12,16,15,13,12,14,1,3,2,1,1,2
349,13,10,10,14,17,16,1,0,0,2,3,3
350,15,16,14,11,13,14,2,3,2,0,1,2
351,6,14,16,17,10,9,-2,2,3,3,0,-1
352,10,9,11,17,15,15,0,-1,0,3,2,2
353,13,12,13,16,16,10,1,1,1,3,3,0
354,17,15,13,16,12,13,3,2,1,3,1,1
355,13,15,16,11,16,8,1,2,3,0,3,-1
356,14,16,12,10,15,12,2,3,1,0,2,1
357,16,16,11,13,16,16,3,3,0,1,3,3
358,9,10,14,18,16,15,-1,0,2,4,3,2
359,18,15,12,12,17,12,4,2,1,1,3,1
360,5,12,14,9,15,15,-3,1,2,-1,2,2
361,11,15,15,7,14,12,0,2,2,-2,2,1
362,15,12,12,15,14,12,2,1,1,2,2,1
363,9,13,15,12,16,13,-1,1,2,1,3,1
364,10,11,15,16,15,14,0,0,2,3,2,2
365,11,16,15,16,10,15,0,3,2,3,0,2
366,12,15,15,16,14,11,1,2,2,3,2,0
367,12,18,14,9,9,16,1,4,2,-1,-1,3
368,18,18,11,16,11,10,4,4,0,3,0,0
369,14,13,18,17,10,13,2,1,4,3,0,1
370,16,12,16,15,14,11,3,1,3,2,2,0
371,15,11,10,18,7,5,2,0,0,4,-2,-3
372,11,15,16,17,11,16,0,2,3,3,0,3
373,10,15,8,11,10,16,0,2,-1,0,0,3
374,13,15,16,11,9,11,1,2,3,0,-1,0
375,10,17,16,10,13,15,0,3,3,0,1,2
376,13,13,10,17,14,15,1,1,0,3,2,2
377,16,11,13,16,16,13,3,0,1,3,3,1
378,6,11,18,15,12,14,-2,0,4,2,1,2
379,15,17,14,13,16,14,2,3,2,1,3,2
380,16,15,12,8,13,12,3,2,1,-1,1,1
381,17,14,16,16,10,16,3,2,3,3,0,3
382,13,8,14,13,15,15,1,-1,2,1,2,2
383,12,11,6,15,10,15,1,0,-2,2,0,2
384,16,14,12,14,12,18,3,2,1,2,1,4
385,12,16,15,11,14,12,1,3,2,0,2,1
386,8,18,7,17,13,10,-1,4,-2,3,1,0
387,13,16,16,13,11,15,1,3,3,1,0,2
388,12,17,15,9,9,13,1,3,2,-1,-1,1
389,12,10,16,11,9,16,1,0,3,0,-1,3
390,16,16,13,17,11,17,3,3,1,3,0,3
391,15,12,14,16,11,13,2,1,2,3,0,1
392,14,11,17,8,15,14,2,0,3,-1,2,2
393,15,11,17,16,10,10,2,0,3,3,0,0
394,7,17,11,5,14,16,-2,3,0,-3,2,3
395,10,11,15,16,17,18,0,0,2,3,3,4
396,13,16,13,16,6,13,1,3,1,3,-2,1
397,11,13,16,10,12,16,0,1,3,0,1,3
398,15,17,13,14,10,16,2,3,1,2,0,3
399,6,9,17,10,12,15,-2,-1,3,0,1,2
400,15,18,8,17,12,10,2,4,-1,3,1,0
401,14,14,8,15,17,14,2,2,-1,2,3,2
402,16,13,15,13,8,12,3,1,2,1,-1,1
403,16,13,17,12,15,13,3,1,3,1,2,1
404,16,13,15,13,14,17,3,1,2,1,2,3
405,14,16,17,16,10,15,2,3,3,3,0,2
406,14,12,17,7,15,13,2,1,3,-2,2,1
407,10,13,15,11,18,13,0,1,2,0,4,1
408,16,10,12,17,17,11,3,0,1,3,3,0
409,16,12,13,16,12,10,3,1,1,3,1,0
410,14,13,16,14,17,17,2,1,3,2,3,3
411,9,12,12,13,15,16,-1,1,1,1,2,3
412,17,16,12,11,12,10,3,3,1,0,1,0
413,15,14,16,9,9,15,2,2,3,-1,-1,2
414,12,15,14,15,13,14,1,2,2,2,1,2
415,17,13,12,14,12,17,3,1,1,2,1,3
416,17,16,13,14,12,12,3,3,1,2,1,1
417,15,15,13,10,15,13,2,2,1,0,2,1
418,8,13,10,15,10,15,-1,1,0,2,0,2
419,15,7,12,15,11,13,2,-2,1,2,0,1
420,10,13,12,8,16,16,0,1,1,-1,3,3
421,11,18,15,16,15,10,0,4,2,3,2,0
422,10,13,14,10,15,15,0,1,2,0,2,2
423,15,13,14,9,8,17,2,1,2,-1,-1,3
424,15,12,9,16,10,10,2,1,-1,3,0,0
425,16,16,10,12,13,15,3,3,0,1,1,2
426,13,14,13,15,10,16,1,2,1,2,0,3
427,14,13,13,15,16,12,2,1,1,2,3,1
428,17,4,9,9,16,14,3,-3,-1,-1,3,2
429,15,14,9,13,10,16,2,2,-1,1,0,3
430,11,13,15,15,11,8,0,1,2,2,0,-1
431,9,18,17,8,15,16,-1,4,3,-1,2,3
432,11,15,12,13,16,12,0,2,1,1,3,1
433,16,7,13,14,16,8,3,-2,1,2,3,-1
434,14,16,10,15,7,7,2,3,0,2,-2,-2
435,18,14,14,11,10,16,4,2,2,0,0,3
436,15,13,16,9,8,14,2,1,3,-1,-1,2
437,14,7,11,11,16,15,2,-2,0,0,3,2
438,13,13,14,15,18,10,1,1,2,2,4,0
439,15,17,7,12,15,9,2,3,-2,1,2,-1
440,15,12,13,16,10,7,2,1,1,3,0,-2
441,11,14,11,8,15,17,0,2,0,-1,2,3
442,12,11,16,12,15,7,1,0,3,1,2,-2
443,11,8,9,15,15,12,0,-1,-1,2,2,1
444,8,12,15,11,14,15,-1,1,2,0,2,2
445,17,5,17,13,4,9,3,-3,3,1,-3,-1
446,15,11,14,14,18,8,2,0,2,2,4,-1
447,16,14,15,13,14,8,3,2,2,1,2,-1
448,10,12,14,16,13,15,0,1,2,3,1,2
449,17,15,11,9,11,10,3,2,0,-1,0,0
450,12,13,7,13,15,17,1,1,-2,1,2,3
451,13,11,16,15,16,9,1,0,3,2,3,-1
452,15,13,16,15,9,12,2,1,3,2,-1,1
453,13,17,16,12,14,12,1,3,3,1,2,1
454,15,11,7,16,12,18,2,0,-2,3,1,4
455,13,15,15,16,15,9,1,2,2,3,2,-1
456,17,8,10,15,14,8,3,-1,0,2,2,-1
457,15,10,10,9,15,11,2,0,0,-1,2,0
458,6,17,15,9,8,12,-2,3,2,-1,-1,1
459,13,15,8,12,16,12,1,2,-1,1,3,1
460,13,7,15,12,15,13,1,-2,2,1,2,1
461,7,15,6,11,16,9,-2,2,-2,0,3,-1
462,14,15,12,14,14,15,2,2,1,2,2,2
463,12,15,12,16,13,14,1,2,1,3,1,2
464,14,15,17,16,11,17,2,2,3,3,0,3
465,10,9,13,15,15,15,0,-1,1,2,2,2
466,12,15,16,13,13,6,1,2,3,1,1,-2
467,14,4,15,13,9,15,2,-3,2,1,-1,2
468,13,12,11,15,16,13,1,1,0,2,3,1
469,11,11,15,15,12,13,0,0,2,2,1,1
470,17,11,12,15,13,14,3,0,1,2,1,2
471,17,12,17,12,12,10,3,1,3,1,1,0
472,14,8,16,14,16,16,2,-1,3,2,3,3
473,11,15,15,14,9,8,0,2,2,2,-1,-1
474,15,9,10,14,17,14,2,-1,0,2,3,2
475,14,11,11,14,15,16,2,0,0,2,2,3
476,17,15,14,15,8,10,3,2,2,2,-1,0
477,15,12,8,16,4,14,2,1,-1,3,-3,2
478,12,16,13,12,6,15,1,3,1,1,-2,2
479,10,14,16,10,14,15,0,2,3,0,2,2
480,10,12,10,15,10,15,0,1,0,2,0,2
481,11,17,13,12,14,15,0,3,1,1,2,2
482,14,15,9,15,15,12,2,2,-1,2,2,1
483,15,15,13,13,10,12,2,2,1,1,0,1
484,16,16,11,12,15,11,3,3,0,1,2,0
485,17,4,14,15,15,17,3,-3,2,2,2,3
486,16,7,14,15,13,13,3,-2,2,2,1,1
487,15,10,4,17,11,9,2,0,-3,3,0,-1
488,17,11,12,16,17,8,3,0,1,3,3,-1
489,15,11,12,16,10,13,2,0,1,3,0,1
490,17,8,12,12,15,11,3,-1,1,1,2,0
491,15,17,12,13,7,13,2,3,1,1,-2,1
492,15,10,13,17,12,13,2,0,1,3,1,1
493,15,12,13,17,5,9,2,1,1,3,-3,-1
494,12,16,15,12,12,17,1,3,2,1,1,3
495,16,14,8,18,13,9,3,2,-1,4,1,-1
496,11,11,15,11,15,14,0,0,2,0,2,2
497,15,15,9,17,13,17,2,2,-1,3,1,3
498,9,18,11,16,18,15,-1,4,0,3,4,2
499,17,13,10,16,11,17,3,1,0,3,0,3
500,14,14,16,12,17,11,2,2,3,1,3,0
501,16,15,13,13,12,14,3,2,1,1,1,2
502,12,16,15,11,16,11,1,3,2,0,3,0
503,16,12,14,15,6,10,3,1,2,2,-2,0
504,13,11,9,15,15,15,1,0,-1,2,2,2
505,12,10,14,16,15,18,1,0,2,3,2,4
506,15,18,10,14,12,11,2,4,0,2,1,0
507,14,6,18,14,12,16,2,-2,4,2,1,3
508,8,15,16,15,12,12,-1,2,3,2,1,1
509,12,17,14,9,9,15,1,3,2,-1,-1,2
510,17,11,16,14,12,13,3,0,3,2,1,1
511,16,10,15,15,15,8,3,0,2,2,2,-1
512,15,14,14,12,12,15,2,2,2,1,1,2
513,8,15,12,17,7,13,-1,2,1,3,-2,1
514,12,12,9,16,14,15,1,1,-1,3,2,2
515,15,15,13,13,14,12,2,2,1,1,2,1
516,8,13,13,10,15,15,-1,1,1,0,2,2
517,15,12,12,17,10,11,2,1,1,3,0,0
518,13,15,15,14,11,10,1,2,2,2,0,0
519,11,15,14,16,10,13,0,2,2,3,0,1
520,14,10,17,16,9,17,2,0,3,3,-1,3
521,10,16,18,13,9,10,0,3,4,1,-1,0
522,7,15,15,18,15,11,-2,2,2,4,2,0
523,9,18,14,14,12,16,-1,4,2,2,1,3
524,8,18,11,7,14,17,-1,4,0,-2,2,3
525,14,11,12,15,10,17,2,0,1,2,0,3
526,18,10,15,12,10,12,4,0,2,1,0,1
527,10,11,15,7,18,13,0,0,2,-2,4,1
528,6,16,13,10,13,15,-2,3,1,0,1,2
529,14,10,15,13,14,15,2,0,2,1,2,2
530,12,11,15,9,12,17,1,0,2,-1,1,3
531,7,17,17,16,12,12,-2,3,3,3,1,1
532,15,12,12,16,17,17,2,1,1,3,3,3
533,8,14,15,16,6,12,-1,2,2,3,-2,1
534,16,11,15,11,16,16,3,0,2,0,3,3
535,15,13,17,14,15,13,2,1,3,2,2,1
536,15,10,12,18,14,15,2,0,1,4,2,2
537,16,15,10,14,10,17,3,2,0,2,0,3
538,10,16,12,10,17,11,0,3,1,0,3,0
539,13,17,12,17,14,16,1,3,1,3,2,3
540,10,14,13,15,16,17,0,2,1,2,3,3
541,14,13,13,15,16,11,2,1,1,2,3,0
542,16,11,15,11,14,12,3,0,2,0,2,1
543,12,12,15,13,15,9,1,1,2,1,2,-1
544,11,9,15,16,12,10,0,-1,2,3,1,0
545,16,9,16,13,14,12,3,-1,3,1,2,1
546,15,17,12,16,10,14,2,3,1,3,0,2
547,11,9,12,16,14,15,0,-1,1,3,2,2
548,15,16,14,17,11,17,2,3,2,3,0,3
549,13,13,14,16,13,17,1,1,2,3,1,3
550,16,11,10,15,14,17,3,0,0,2,2,3
551,16,14,11,16,11,14,3,2,0,3,0,2
552,12,12,18,15,8,12,1,1,4,2,-1,1
553,5,16,11,15,11,15,-3,3,0,2,0,2
554,12,18,14,17,12,12,1,4,2,3,1,1
555,10,17,14,15,13,14,0,3,2,2,1,2
556,16,15,12,14,11,13,3,2,1,2,0,1
557,15,14,8,10,15,15,2,2,-1,0,2,2
558,14,18,12,11,16,14,2,4,1,0,3,2
559,8,14,15,7,16,12,-1,2,2,-2,3,1
560,15,14,14,13,10,18,2,2,2,1,0,4
561,16,16,12,16,14,15,3,3,1,3,2,2
562,10,17,16,13,13,11,0,3,3,1,1,0
563,14,18,12,16,15,11,2,4,1,3,2,0
564,15,14,18,15,18,10,2,2,4,2,4,0
565,8,12,16,15,9,13,-1,1,3,2,-1,1
566,13,16,12,18,7,16,1,3,1,4,-2,3
567,10,16,8,3,18,9,0,3,-1,-4,4,-1
568,18,8,8,14,13,17,4,-1,-1,2,1,3
569,15,9,15,12,9,12,2,-1,2,1,-1,1
570,15,15,16,16,11,12,2,2,3,3,0,1
571,16,16,12,13,16,14,3,3,1,1,3,2
572,8,17,16,16,7,17,-1,3,3,3,-2,3
573,16,10,15,14,10,10,3,0,2,2,0,0
574,16,18,8,10,17,13,3,4,-1,0,3,1
575,10,16,13,13,17,9,0,3,1,1,3,-1
576,9,12,17,15,14,17,-1,1,3,2,2,3
577,17,17,13,13,16,11,3,3,1,1,3,0
578,11,13,17,15,17,15,0,1,3,2,3,2
579,15,15,13,14,13,11,2,2,1,2,1,0
580,13,14,12,13,16,15,1,2,1,1,3,2
581,18,13,12,17,10,10,4,1,1,3,0,0
582,10,15,14,13,10,15,0,2,2,1,0,2
583,14,16,10,8,14,16,2,3,0,-1,2,3
584,16,12,15,10,12,11,3,1,2,0,1,0
585,10,17,11,8,16,16,0,3,0,-1,3,3
586,15,18,18,13,17,12,2,4,4,1,3,1
587,9,14,18,12,13,17,-1,2,4,1,1,3
588,8,15,10,13,13,16,-1,2,0,1,1,3
589,9,14,15,13,14,15,-1,2,2,1,2,2
590,18,12,17,15,15,10,4,1,3,2,2,0
591,16,12,16,12,12,12,3,1,3,1,1,1
592,14,13,12,9,16,18,2,1,1,-1,3,4
593,6,8,14,16,11,15,-2,-1,2,3,0,2
594,8,13,15,15,15,15,-1,1,2,2,2,2
595,11,14,15,15,9,9,0,2,2,2,-1,-1
596,17,17,12,16,13,11,3,3,1,3,1,0
597,11,11,10,14,15,17,0,0,0,2,2,3
598,13,15,17,11,10,8,1,2,3,0,0,-1
599,16,16,7,17,9,11,3,3,-2,3,-1,0
600,14,8,13,13,15,15,2,-1,1,1,2,2
601,11,15,15,10,16,10,0,2,2,0,3,0
602,11,14,17,13,15,13,0,2,3,1,2,1
603,17,11,17,10,10,15,3,0,3,0,0,2
604,13,14,12,12,16,16,1,2,1,1,3,3
605,4,10,16,12,13,16,-3,0,3,1,1,3
606,15,13,12,14,15,15,2,1,1,2,2,2
607,15,11,11,12,17,14,2,0,0,1,3,2
608,13,16,17,13,9,16,1,3,3,1,-1,3
609,13,9,16,10,15,18,1,-1,3,0,2,4
610,11,18,13,5,15,15,0,4,1,-3,2,2
611,10,9,15,13,12,17,0,-1,2,1,1,3
612,8,13,14,12,15,16,-1,1,2,1,2,3
613,13,10,15,13,15,7,1,0,2,1,2,-2
614,16,13,8,12,13,15,3,1,-1,1,1,2
615,15,16,10,15,13,16,2,3,0,2,1,3
616,15,15,13,5,17,10,2,2,1,-3,3,0
617,8,9,17,15,13,14,-1,-1,3,2,1,2
618,18,12,15,12,7,12,4,1,2,1,-2,1
619,13,13,7,17,16,12,1,1,-2,3,3,1
620,18,8,16,9,12,15,4,-1,3,-1,1,2
621,12,7,15,18,9,11,1,-2,2,4,-1,0
622,11,7,16,5,17,11,0,-2,3,-3,3,0
623,17,15,13,10,15,10,3,2,1,0,2,0
624,15,14,16,9,9,13,2,2,3,-1,-1,1
625,9,15,17,17,17,15,-1,2,3,3,3,2
626,8,9,17,15,14,11,-1,-1,3,2,2,0
627,16,10,10,11,12,15,3,0,0,0,1,2
628,14,12,18,13,15,7,2,1,4,1,2,-2
629,11,15,14,11,16,17,0,2,2,0,3,3
630,11,16,15,9,14,15,0,3,2,-1,2,2
631,13,15,16,12,13,7,1,2,3,1,1,-2
632,16,14,16,13,8,13,3,2,3,1,-1,1
633,16,16,16,13,10,12,3,3,3,1,0,1
634,11,9,16,17,11,12,0,-1,3,3,0,1
635,15,10,10,16,9,10,2,0,0,3,-1,0
636,10,15,12,12,11,16,0,2,1,1,0,3
637,11,12,15,10,16,7,0,1,2,0,3,-2
638,13,15,16,17,8,16,1,2,3,3,-1,3
639,12,15,15,18,12,8,1,2,2,4,1,-1
640,16,15,13,15,13,8,3,2,1,2,1,-1
641,11,18,12,13,6,17,0,4,1,1,-2,3
642,12,9,16,10,12,16,1,-1,3,0,1,3
643,13,14,16,15,11,15,1,2,3,2,0,2
644,12,15,8,14,15,14,1,2,-1,2,2,2
645,12,16,17,15,9,12,1,3,3,2,-1,1
646,8,12,12,15,15,10,-1,1,1,2,2,0
647,15,15,12,15,7,9,2,2,1,2,-2,-1
648,14,10,16,17,12,12,2,0,3,3,1,1
649,12,14,6,10,16,16,1,2,-2,0,3,3
650,15,7,17,15,12,11,2,-2,3,2,1,0
651,15,9,15,11,14,11,2,-1,2,0,2,0
652,9,11,12,15,16,14,-1,0,1,2,3,2
653,17,16,13,8,13,9,3,3,1,-1,1,-1
654,8,17,11,13,15,15,-1,3,0,1,2,2
655,11,15,16,10,15,15,0,2,3,0,2,2
656,12,13,15,14,14,16,1,1,2,2,2,3
657,17,13,13,6,15,9,3,1,1,-2,2,-1
658,11,16,9,17,8,10,0,3,-1,3,-1,0
659,18,6,10,17,9,9,4,-2,0,3,-1,-1
660,7,16,15,13,11,9,-2,3,2,1,0,-1
661,8,13,16,12,5,15,-1,1,3,1,-3,2
662,8,13,15,15,15,12,-1,1,2,2,2,1
663,11,15,11,9,16,16,0,2,0,-1,3,3
664,13,16,15,10,12,13,1,3,2,0,1,1
665,14,10,10,15,7,16,2,0,0,2,-2,3
666,13,16,12,16,11,16,1,3,1,3,0,3
667,14,15,13,18,7,12,2,2,1,4,-2,1
668,14,14,15,11,14,16,2,2,2,0,2,3
669,14,18,12,15,14,11,2,4,1,2,2,0
670,15,14,14,13,17,11,2,2,2,1,3,0
671,15,13,10,16,11,11,2,1,0,3,0,0
672,15,15,14,15,12,9,2,2,2,2,1,-1
673,14,13,15,16,9,11,2,1,2,3,-1,0
674,17,12,18,10,14,14,3,1,4,0,2,2
675,15,13,7,16,12,15,2,1,-2,3,1,2
676,18,15,15,12,14,9,4,2,2,1,2,-1
677,15,11,13,8,11,16,2,0,1,-1,0,3
678,14,17,11,15,7,14,2,3,0,2,-2,2
679,13,16,12,8,17,14,1,3,1,-1,3,2
680,15,12,17,14,15,11,2,1,3,2,2,0
681,6,13,12,17,9,18,-2,1,1,3,-1,4
682,14,16,15,14,16,13,2,3,2,2,3,1
683,15,16,12,17,14,11,2,3,1,3,2,0
684,8,12,11,15,17,10,-1,1,0,2,3,0
685,11,11,13,15,16,10,0,0,1,2,3,0
686,12,15,14,14,17,14,1,2,2,2,3,2
687,13,16,15,15,10,10,1,3,2,2,0,0
688,15,12,8,17,10,8,2,1,-1,3,0,-1
689,13,10,16,12,12,17,1,0,3,1,1,3
690,16,10,13,15,12,17,3,0,1,2,1,3
691,15,14,17,15,17,14,2,2,3,2,3,2
692,7,12,8,15,15,10,-2,1,-1,2,2,0
693,14,13,13,18,9,15,2,1,1,4,-1,2
694,15,11,15,12,8,10,2,0,2,1,-1,0
695,15,11,11,11,11,15,2,0,0,0,0,2
696,7,12,15,17,13,12,-2,1,2,3,1,1
697,14,13,18,12,15,10,2,1,4,1,2,0
698,17,16,11,12,5,11,3,3,0,1,-3,0
699,11,8,11,14,17,15,0,-1,0,2,3,2
700,11,13,12,14,17,16,0,1,1,2,3,3
701,17,15,11,15,10,8,3,2,0,2,0,-1
702,16,15,15,9,16,10,3,2,2,-1,3,0
703,15,12,9,10,17,18,2,1,-1,0,3,4
704,15,13,14,12,15,14,2,1,2,1,2,2
705,14,17,14,18,14,12,2,3,2,4,2,1
706,13,8,13,17,15,13,1,-1,1,3,2,1
707,10,15,9,15,10,13,0,2,-1,2,0,1
708,8,13,13,16,16,13,-1,1,1,3,3,1
709,9,12,15,15,16,6,-1,1,2,2,3,-2
710,11,14,10,18,12,17,0,2,0,4,1,3
711,15,13,7,16,7,13,2,1,-2,3,-2,1
712,11,9,12,15,15,18,0,-1,1,2,2,4
713,10,17,15,11,18,15,0,3,2,0,4,2
714,12,12,10,9,15,15,1,1,0,-1,2,2
715,15,13,9,14,15,13,2,1,-1,2,2,1
716,18,8,10,16,13,13,4,-1,0,3,1,1
717,10,11,14,8,15,15,0,0,2,-1,2,2
718,17,15,10,9,12,12,3,2,0,-1,1,1
719,12,16,14,15,13,9,1,3,2,2,1,-1
720,9,13,14,10,16,15,-1,1,2,0,3,2
721,12,15,17,6,12,7,1,2,3,-2,1,-2
722,16,14,9,8,13,16,3,2,-1,-1,1,3
723,12,16,7,15,9,11,1,3,-2,2,-1,0
724,13,9,15,8,14,15,1,-1,2,-1,2,2
725,12,13,16,18,15,16,1,1,3,4,2,3
726,12,11,15,5,16,14,1,0,2,-3,3,2
727,15,13,7,11,16,9,2,1,-2,0,3,-1
728,15,11,16,9,9,15,2,0,3,-1,-1,2
729,17,13,11,16,9,17,3,1,0,3,-1,3
730,14,12,15,14,10,16,2,1,2,2,0,3
731,17,11,15,16,13,9,3,0,2,3,1,-1
732,12,15,15,14,11,9,1,2,2,2,0,-1
733,12,8,13,17,16,16,1,-1,1,3,3,3
734,17,9,12,13,12,17,3,-1,1,1,1,3
735,15,16,14,10,12,8,2,3,2,0,1,-1
736,15,16,11,15,9,12,2,3,0,2,-1,1
737,12,15,9,9,16,6,1,2,-1,-1,3,-2
738,13,16,15,12,16,12,1,3,2,1,3,1
739,16,16,16,17,15,15,3,3,3,3,2,2
740,15,15,9,15,12,17,2,2,-1,2,1,3
741,12,7,16,17,12,12,1,-2,3,3,1,1
742,15,15,14,12,12,12,2,2,2,1,1,1
743,17,17,14,8,11,15,3,3,2,-1,0,2
744,18,8,12,16,9,11,4,-1,1,3,-1,0
745,9,15,10,14,15,8,-1,2,0,2,2,-1
746,11,11,16,13,15,16,0,0,3,1,2,3
747,12,7,9,17,11,15,1,-2,-1,3,0,2
748,11,18,13,15,15,16,0,4,1,2,2,3
749,11,7,8,15,11,16,0,-2,-1,2,0,3
750,12,15,13,15,8,15,1,2,1,2,-1,2
751,15,15,11,13,8,15,2,2,0,1,-1,2
752,10,8,13,15,17,13,0,-1,1,2,3,1
753,16,16,11,13,6,14,3,3,0,1,-2,2
754,14,15,16,9,10,12,2,2,3,-1,0,1
755,16,7,16,10,12,13,3,-2,3,0,1,1
756,16,11,12,18,15,15,3,0,1,4,2,2
757,13,17,15,10,9,8,1,3,2,0,-1,-1
758,18,11,17,11,13,12,4,0,3,0,1,1
759,11,12,15,14,15,14,0,1,2,2,2,2
760,12,10,10,15,15,10,1,0,0,2,2,0
761,15,15,15,5,16,16,2,2,2,-3,3,3
762,15,7,16,12,12,17,2,-2,3,1,1,3
763,18,15,16,9,10,10,4,2,3,-1,0,0
764,10,18,15,15,13,13,0,4,2,2,1,1
765,17,16,16,14,15,8,3,3,3,2,2,-1
766,16,12,13,12,12,16,3,1,1,1,1,3
767,16,15,6,17,12,15,3,2,-2,3,1,2
768,8,11,11,15,17,11,-1,0,0,2,3,0
769,13,11,17,11,14,15,1,0,3,0,2,2
770,14,16,17,10,14,16,2,3,3,0,2,3
771,13,15,15,9,6,13,1,2,2,-1,-2,1
772,13,16,11,15,14,13,1,3,0,2,2,1
773,17,13,14,8,15,8,3,1,2,-1,2,-1
774,6,12,17,16,18,17,-2,1,3,3,4,3
775,7,13,12,11,16,17,-2,1,1,0,3,3
776,15,17,9,14,15,14,2,3,-1,2,2,2
777,16,9,7,16,15,9,3,-1,-2,3,2,-1
778,17,16,10,14,8,14,3,3,0,2,-1,2
779,12,15,12,16,11,17,1,2,1,3,0,3
780,8,15,15,11,12,11,-1,2,2,0,1,0
781,15,9,16,9,17,11,2,-1,3,-1,3,0
782,14,14,12,16,15,15,2,2,1,3,2,2
783,15,14,14,15,11,16,2,2,2,2,0,3
784,10,11,16,9,15,9,0,0,3,-1,2,-1
785,17,10,15,17,9,11,3,0,2,3,-1,0
786,11,15,11,15,15,11,0,2,0,2,2,0
787,11,11,16,13,18,13,0,0,3,1,4,1
788,8,15,17,12,13,13,-1,2,3,1,1,1
789,17,14,17,9,15,9,3,2,3,-1,2,-1
790,17,10,13,15,7,13,3,0,1,2,-2,1
791,11,16,16,18,9,11,0,3,3,4,-1,0
792,16,15,9,15,15,14,3,2,-1,2,2,2
793,16,17,14,15,10,10,3,3,2,2,0,0
794,16,15,14,14,11,13,3,2,2,2,0,1
795,7,14,15,13,14,15,-2,2,2,1,2,2
796,8,9,12,8,16,18,-1,-1,1,-1,3,4
797,9,17,18,17,12,11,-1,3,4,3,1,0
798,7,16,9,15,10,12,-2,3,-1,2,0,1
799,13,16,10,15,14,17,1,3,0,2,2,3
800,13,15,9,6,12,15,1,2,-1,-2,1,2
801,8,17,15,13,13,11,-1,3,2,1,1,0
802,15,17,11,9,13,15,2,3,0,-1,1,2
803,10,11,16,15,12,12,0,0,3,2,1,1
804,16,14,11,12,16,10,3,2,0,1,3,0
805,15,14,13,16,12,10,2,2,1,3,1,0
806,13,13,16,11,15,14,1,1,3,0,2,2
807,12,14,16,12,16,9,1,2,3,1,3,-1
808,14,9,15,14,16,11,2,-1,2,2,3,0
809,12,12,13,11,16,16,1,1,1,0,3,3
810,16,16,13,10,11,16,3,3,1,0,0,3
811,16,9,11,12,17,9,3,-1,0,1,3,-1
812,10,17,15,18,9,10,0,3,2,4,-1,0
813,15,8,15,13,12,18,2,-1,2,1,1,4
814,12,13,15,13,17,12,1,1,2,1,3,1
815,18,16,11,8,13,10,4,3,0,-1,1,0
816,14,15,15,14,14,11,2,2,2,2,2,0
817,16,10,8,13,16,12,3,0,-1,1,3,1
818,8,17,16,11,11,10,-1,3,3,0,0,0
819,14,10,17,12,16,10,2,0,3,1,3,0
820,14,16,16,11,10,13,2,3,3,0,0,1
821,18,15,14,13,9,17,4,2,2,1,-1,3
822,14,13,15,16,7,13,2,1,2,3,-2,1
823,16,9,16,15,16,12,3,-1,3,2,3,1
824,14,17,11,15,11,12,2,3,0,2,0,1
825,14,15,16,10,9,17,2,2,3,0,-1,3
826,15,11,12,10,16,16,2,0,1,0,3,3
827,13,10,13,12,17,18,1,0,1,1,3,4
828,14,11,18,13,15,15,2,0,4,1,2,2
829,9,16,17,15,15,16,-1,3,3,2,2,3
830,9,15,10,15,9,11,-1,2,0,2,-1,0
831,17,16,16,6,11,13,3,3,3,-2,0,1
832,18,15,13,15,12,12,4,2,1,2,1,1
833,16,8,12,12,15,16,3,-1,1,1,2,3
834,16,17,13,14,16,16,3,3,1,2,3,3
835,15,11,15,15,12,14,2,0,2,2,1,2
836,10,5,16,17,4,10,0,-3,3,3,-3,0
837,17,12,12,10,8,15,3,1,1,0,-1,2
838,13,8,14,16,18,16,1,-1,2,3,4,3
839,12,17,16,9,11,16,1,3,3,-1,0,3
840,9,17,14,14,15,16,-1,3,2,2,2,3
841,15,12,10,15,13,13,2,1,0,2,1,1
842,11,14,16,14,8,16,0,2,3,2,-1,3
843,8,13,17,8,12,18,-1,1,3,-1,1,4
844,15,10,12,15,14,15,2,0,1,2,2,2
845,16,15,13,10,11,17,3,2,1,0,0,3
846,11,17,11,14,17,15,0,3,0,2,3,2
847,16,18,12,15,14,10,3,4,1,2,2,0
848,8,16,15,16,6,13,-1,3,2,3,-2,1
849,6,13,10,17,16,15,-2,1,0,3,3,2
850,8,14,17,10,13,17,-1,2,3,0,1,3
851,14,10,17,11,13,15,2,0,3,0,1,2
852,15,15,10,15,17,13,2,2,0,2,3,1
853,14,15,11,17,9,11,2,2,0,3,-1,0
854,16,11,14,7,16,6,3,0,2,-2,3,-2
855,18,10,12,13,18,7,4,0,1,1,4,-2
856,15,10,15,6,14,10,2,0,2,-2,2,0
857,11,15,9,12,11,16,0,2,-1,1,0,3
858,17,6,17,13,8,12,3,-2,3,1,-1,1
859,16,12,8,11,9,18,3,1,-1,0,-1,4
860,14,15,14,12,8,17,2,2,2,1,-1,3
861,13,13,16,10,10,16,1,1,3,0,0,3
862,12,12,12,15,16,13,1,1,1,2,3,1
863,9,16,10,15,12,14,-1,3,0,2,1,2
864,12,11,9,16,16,10,1,0,-1,3,3,0
865,9,14,17,8,17,13,-1,2,3,-1,3,1
866,8,16,8,8,18,10,-1,3,-1,-1,4,0
867,8,15,17,11,12,12,-1,2,3,0,1,1
868,18,13,15,12,13,13,4,1,2,1,1,1
869,9,11,15,6,18,15,-1,0,2,-2,4,2
870,11,16,9,14,11,15,0,3,-1,2,0,2
871,10,15,9,5,9,17,0,2,-1,-3,-1,3
872,11,17,11,14,13,17,0,3,0,2,1,3
873,18,16,14,11,12,9,4,3,2,0,1,-1
874,11,11,11,17,11,15,0,0,0,3,0,2
875,13,16,15,12,17,10,1,3,2,1,3,0
876,12,17,17,13,9,11,1,3,3,1,-1,0
877,11,17,15,14,14,15,0,3,2,2,2,2
878,13,15,17,8,18,10,1,2,3,-1,4,0
879,14,16,9,17,16,9,2,3,-1,3,3,-1
880,11,10,7,15,9,17,0,0,-2,2,-1,3
881,13,8,12,16,18,9,1,-1,1,3,4,-1
882,14,11,16,14,15,10,2,0,3,2,2,0
883,15,11,15,12,11,6,2,0,2,1,0,-2
884,14,11,13,16,15,13,2,0,1,3,2,1
885,9,10,15,13,15,6,-1,0,2,1,2,-2
886,13,15,7,17,10,14,1,2,-2,3,0,2
887,10,12,13,17,15,9,0,1,1,3,2,-1
888,17,16,15,9,12,14,3,3,2,-1,1,2
889,16,12,16,11,9,16,3,1,3,0,-1,3
890,14,11,13,9,17,15,2,0,1,-1,3,2
891,15,17,16,8,7,15,2,3,3,-1,-2,2
892,16,13,10,11,11,17,3,1,0,0,0,3
893,12,7,14,11,17,15,1,-2,2,0,3,2
894,14,13,15,13,16,10,2,1,2,1,3,0
895,13,11,14,17,14,17,1,0,2,3,2,3
896,15,12,14,7,15,16,2,1,2,-2,2,3
897,10,17,12,16,16,11,0,3,1,3,3,0
898,7,16,18,11,13,14,-2,3,4,0,1,2
899,8,17,11,10,8,15,-1,3,0,0,-1,2
900,13,17,12,12,15,12,1,3,1,1,2,1
901,8,11,15,12,9,16,-1,0,2,1,-1,3
902,6,15,16,15,9,13,-2,2,3,2,-1,1
903,13,16,17,12,13,16,1,3,3,1,1,3
904,15,11,15,17,9,10,2,0,2,3,-1,0
905,9,11,16,7,15,12,-1,0,3,-2,2,1
906,16,11,10,15,10,18,3,0,0,2,0,4
907,13,13,15,16,14,14,1,1,2,3,2,2
908,12,17,10,8,15,9,1,3,0,-1,2,-1
909,17,8,9,13,8,15,3,-1,-1,1,-1,2
910,10,16,13,12,18,12,0,3,1,1,4,1
911,16,14,15,12,10,15,3,2,2,1,0,2
912,13,14,14,15,17,9,1,2,2,2,3,-1
913,15,18,14,15,9,9,2,4,2,2,-1,-1
914,15,15,10,9,11,10,2,2,0,-1,0,0
915,16,14,15,15,11,12,3,2,2,2,0,1
916,7,18,9,10,15,8,-2,4,-1,0,2,-1
917,15,15,9,6,14,14,2,2,-1,-2,2,2
918,16,12,13,15,8,12,3,1,1,2,-1,1
919,12,10,13,13,16,17,1,0,1,1,3,3
920,15,17,15,16,16,15,2,3,2,3,3,2
921,14,17,9,10,15,18,2,3,-1,0,2,4
922,15,6,11,14,16,15,2,-2,0,2,3,2
923,14,11,13,16,15,12,2,0,1,3,2,1
924,12,14,18,14,16,16,1,2,4,2,3,3
925,16,15,10,14,13,14,3,2,0,2,1,2
926,16,10,17,13,13,13,3,0,3,1,1,1
927,16,14,14,15,15,15,3,2,2,2,2,2
928,12,12,17,16,13,10,1,1,3,3,1,0
929,12,14,15,7,15,13,1,2,2,-2,2,1
930,15,11,14,14,15,7,2,0,2,2,2,-2
931,8,9,16,18,10,14,-1,-1,3,4,0,2
932,10,15,12,8,16,15,0,2,1,-1,3,2
933,15,12,15,12,15,13,2,1,2,1,2,1
934,9,12,17,14,12,16,-1,1,3,2,1,3
935,12,16,11,12,15,13,1,3,0,1,2,1
936,15,17,10,15,14,12,2,3,0,2,2,1
937,15,14,12,11,12,16,2,2,1,0,1,3
938,17,16,13,12,16,8,3,3,1,1,3,-1
939,11,12,12,15,11,15,0,1,1,2,0,2
940,8,10,16,16,9,18,-1,0,3,3,-1,4
941,15,15,11,15,16,16,2,2,0,2,3,3
942,17,12,15,13,7,14,3,1,2,1,-2,2
943,14,16,14,12,15,12,2,3,2,1,2,1
944,13,12,18,14,16,14,1,1,4,2,3,2
945,13,16,9,13,14,16,1,3,-1,1,2,3
946,10,18,16,12,14,14,0,4,3,1,2,2
947,12,17,7,14,17,9,1,3,-2,2,3,-1
948,13,13,13,16,17,8,1,1,1,3,3,-1
949,15,17,14,16,17,7,2,3,2,3,3,-2
950,14,12,15,16,13,12,2,1,2,3,1,1
951,8,14,15,15,9,12,-1,2,2,2,-1,1
952,12,15,15,14,13,9,1,2,2,2,1,-1
953,12,15,8,16,13,15,1,2,-1,3,1,2
954,10,17,18,10,14,14,0,3,4,0,2,2
955,13,16,12,12,17,11,1,3,1,1,3,0
956,13,13,15,13,10,17,1,1,2,1,0,3
957,15,10,9,13,11,15,2,0,-1,1,0,2
958,8,10,15,16,10,7,-1,0,2,3,0,-2
959,16,14,9,17,10,16,3,2,-1,3,0,3
960,12,6,15,16,10,13,1,-2,2,3,0,1
961,10,16,13,17,11,12,0,3,1,3,0,1
962,10,11,13,15,15,8,0,0,1,2,2,-1
963,16,12,12,17,14,15,3,1,1,3,2,2
964,10,16,12,15,13,14,0,3,1,2,1,2
965,14,12,17,14,9,16,2,1,3,2,-1,3
966,12,9,15,8,15,6,1,-1,2,-1,2,-2
967,15,14,12,10,14,15,2,2,1,0,2,2
968,12,12,13,16,13,17,1,1,1,3,1,3
969,10,9,12,11,15,15,0,-1,1,0,2,2
970,14,15,8,11,15,10,2,2,-1,0,2,0
971,11,13,10,16,13,16,0,1,0,3,1,3
972,14,16,15,17,13,12,2,3,2,3,1,1
973,16,16,17,16,13,10,3,3,3,3,1,0
974,15,13,17,12,13,6,2,1,3,1,1,-2
975,11,10,17,12,18,12,0,0,3,1,4,1
976,11,11,18,16,12,14,0,0,4,3,1,2
977,16,10,16,10,15,17,3,0,3,0,2,3
978,14,17,14,11,12,15,2,3,2,0,1,2
979,11,15,15,14,14,10,0,2,2,2,2,0
980,16,18,8,9,15,8,3,4,-1,-1,2,-1
981,16,13,11,15,10,12,3,1,0,2,0,1
982,16,15,12,12,9,16,3,2,1,1,-1,3
983,15,18,12,10,13,14,2,4,1,0,1,2
984,12,17,9,16,16,14,1,3,-1,3,3,2
985,15,16,7,10,11,13,2,3,-2,0,0,1
986,15,11,10,15,10,16,2,0,0,2,0,3
987,6,16,8,14,12,17,-2,3,-1,2,1,3
988,15,13,12,16,18,11,2,1,1,3,4,0
989,11,9,12,18,15,13,0,-1,1,4,2,1
990,16,15,12,8,11,14,3,2,1,-1,0,2
991,16,16,13,12,14,14,3,3,1,1,2,2
992,10,7,15,9,15,14,0,-2,2,-1,2,2
993,11,14,17,9,16,17,0,2,3,-1,3,3
994,11,16,9,12,6,15,0,3,-1,1,-2,2
995,15,11,12,17,14,12,2,0,1,3,2,1
996,10,15,14,18,14,10,0,2,2,4,2,0
997,13,14,14,15,8,16,1,2,2,2,-1,3
998,15,12,13,9,12,15,2,1,1,-1,1,2
999,16,13,14,11,17,13,3,1,2,0,3,1
